compte;type;profil;shell;age_jours
adjovi;humain;direction;/bin/bash;41
straore;humain;compta;/bin/bash;122
odiallo;humain;admin;/bin/bash;18
emballa;humain;adherents;/bin/bash;94
cfall;humain;stage;/bin/bash;9
nkamga;humain;prestataire;/bin/bash;37
svc-backup;service;sauvegarde;/usr/sbin/nologin;30
svc-web;service;web;/bin/bash;12
svc-sync;service;sync;/bin/sh;102
svc-monitor;service;supervision;/usr/sbin/nologin;215
archivage-bot;service;archives;/usr/sbin/nologin;17
pc-direction-local;local;poste;/bin/bash;360
pc-compta-local;local;poste;/bin/bash;88
salle-01;local;formation;/bin/bash;145
salle-02;local;formation;/bin/bash;70
salle-03;local;formation;/bin/bash;42
salle-04;local;formation;/bin/bash;22
test-web;service;tests;/usr/sbin/nologin;12
import-adh;service;integration;/usr/sbin/nologin;44
collecte;humain;terrain;/bin/bash;64
kora;humain;formation;/bin/bash;51
centre;local;borne;/bin/bash;60
save-note;service;notes;/usr/sbin/nologin;83
web-cache;service;cache;/usr/sbin/nologin;28
adm-temp;local;depannage;/bin/bash;48
