identifiant;nom;ville;formule;date_adhesion
ADH-001;Adherent 01;Colline-Nord;jeune;2026-02-02
ADH-002;Adherent 02;Bako-ville;solidarite;2026-03-03
ADH-003;Adherent 03;Plateau-Vert;essentiel;2026-01-04
ADH-004;Adherent 04;Rivage-Sud;premium;2026-02-05
ADH-005;Adherent 05;Savane-Centre;famille-plus;2026-03-06
ADH-006;Adherent 06;Lagune-Est;jeune;2026-01-07
ADH-007;Adherent 07;Colline-Nord;famille-plus;2026-02-08
ADH-008;Adherent 08;Bako-ville;essentiel;2026-03-09
ADH-009;Adherent 09;Plateau-Vert;premium;2026-01-10
ADH-010;Adherent 10;Rivage-Sud;famille-plus;2026-02-11
ADH-011;Adherent 11;Savane-Centre;famille-plus;2026-03-12
ADH-012;Adherent 12;Lagune-Est;solidarite;2026-01-13
ADH-013;Adherent 13;Colline-Nord;essentiel;2026-02-14
ADH-014;Adherent 14;Bako-ville;famille-plus;2026-03-15
ADH-015;Adherent 15;Plateau-Vert;famille-plus;2026-01-16
ADH-016;Adherent 16;Rivage-Sud;jeune;2026-02-17
ADH-017;Adherent 17;Savane-Centre;solidarite;2026-03-18
ADH-018;Adherent 18;Lagune-Est;essentiel;2026-01-19
ADH-019;Adherent 19;Colline-Nord;premium;2026-02-20
ADH-020;Adherent 20;Bako-ville;famille-plus;2026-03-21
ADH-021;Adherent 21;Plateau-Vert;famille-plus;2026-01-22
ADH-022;Adherent 22;Rivage-Sud;famille-plus;2026-02-23
ADH-023;Adherent 23;Savane-Centre;essentiel;2026-03-24
ADH-024;Adherent 24;Lagune-Est;premium;2026-01-25
ADH-025;Adherent 25;Colline-Nord;famille-plus;2026-02-26
ADH-026;Adherent 26;Bako-ville;jeune;2026-03-27
ADH-027;Adherent 27;Plateau-Vert;solidarite;2026-01-01
ADH-028;Adherent 28;Rivage-Sud;famille-plus;2026-02-02
ADH-029;Adherent 29;Savane-Centre;premium;2026-03-03
ADH-030;Adherent 30;Lagune-Est;famille-plus;2026-01-04
ADH-031;Adherent 31;Colline-Nord;jeune;2026-02-05
ADH-032;Adherent 32;Bako-ville;solidarite;2026-03-06
ADH-033;Adherent 33;Plateau-Vert;famille-plus;2026-01-07
ADH-034;Adherent 34;Rivage-Sud;premium;2026-02-08
ADH-035;Adherent 35;Savane-Centre;famille-plus;2026-03-09
ADH-036;Adherent 36;Lagune-Est;jeune;2026-01-10
ADH-037;Adherent 37;Colline-Nord;solidarite;2026-02-11
ADH-038;Adherent 38;Bako-ville;essentiel;2026-03-12
ADH-039;Adherent 39;Plateau-Vert;premium;2026-01-13
ADH-040;Adherent 40;Rivage-Sud;famille-plus;2026-02-14
ADH-041;Adherent 41;Savane-Centre;jeune;2026-03-15
ADH-042;Adherent 42;Lagune-Est;famille-plus;2026-01-16
ADH-043;Adherent 43;Colline-Nord;essentiel;2026-02-17
ADH-044;Adherent 44;Bako-ville;famille-plus;2026-03-18
ADH-045;Adherent 45;Plateau-Vert;famille-plus;2026-01-19
ADH-046;Adherent 46;Rivage-Sud;jeune;2026-02-20
ADH-047;Adherent 47;Savane-Centre;solidarite;2026-03-21
ADH-048;Adherent 48;Lagune-Est;essentiel;2026-01-22
ADH-049;Adherent 49;Colline-Nord;famille-plus;2026-02-23
ADH-050;Adherent 50;Bako-ville;famille-plus;2026-03-24
ADH-051;Adherent 51;Plateau-Vert;jeune;2026-01-25
ADH-052;Adherent 52;Rivage-Sud;solidarite;2026-02-26
ADH-053;Adherent 53;Savane-Centre;essentiel;2026-03-27
ADH-054;Adherent 54;Lagune-Est;premium;2026-01-01
ADH-055;Adherent 55;Colline-Nord;famille-plus;2026-02-02
ADH-056;Adherent 56;Bako-ville;famille-plus;2026-03-03
ADH-057;Adherent 57;Plateau-Vert;solidarite;2026-01-04
ADH-058;Adherent 58;Rivage-Sud;essentiel;2026-02-05
ADH-059;Adherent 59;Savane-Centre;premium;2026-03-06
ADH-060;Adherent 60;Lagune-Est;famille-plus;2026-01-07
