id;famille;actif;surface;criticite_metier;preuve;epss_30j;kev;validation_humaine;vecteur_cvss;intitule;commentaire
F01;scanner;www.sahel-vert.example;internet;moyenne;partielle;0.18;non;hypothese;CVSS:3.1/AV:N/AC:L/PR:N/UI:R/S:U/C:L/I:L/A:N;Indexation d’un répertoire de médias historiques;Signal vu dans une archive, pas confirmé dans le frontal actuel.
F02;scanner;mail.sahel-vert.example;internet;moyenne;partielle;0.21;non;hypothese;CVSS:3.1/AV:N/AC:H/PR:N/UI:N/S:U/C:L/I:L/A:N;Bannière IMAPS trop bavarde;Version de service lisible, impact limité.
F03;scanner;portail.sahel-vert.example;internet;critique;suffisante;0.05;non;faux_positif;CVSS:3.1/AV:N/AC:L/PR:N/UI:N/S:U/C:N/I:N/A:L;Absence supposée de HSTS;Les en-têtes exportés montrent HSTS présent sur la page visée.
F04;scanner;vpn.sahel-vert.example;vpn;elevee;suffisante;0.44;non;constat;CVSS:3.1/AV:N/AC:L/PR:N/UI:N/S:U/C:L/I:H/A:N;Verrouillage de compte absent sur le portail VPN;Trois tentatives invalides successives n’entraînent aucun délai ni verrouillage.
F05;scanner;srv-relai.sahel-vert.example;interne;moyenne;insuffisante;0.11;non;hypothese;CVSS:3.1/AV:A/AC:H/PR:L/UI:R/S:U/C:L/I:L/A:L;SMB signing annoncé comme désactivé sur un relais interne;Aucune deuxième preuve dans le dossier.
F06;scanner;stock.sahel-vert.example;internet;elevee;suffisante;0.32;non;constat;CVSS:3.1/AV:N/AC:L/PR:L/UI:N/S:C/C:H/I:L/A:N;Prévisualisation de document côté stock permettant une SSRF;Le service de prévisualisation accepte une URL externe et peut atteindre une ressource interne.
F07;scanner;www.sahel-vert.example;internet;moyenne;partielle;0.27;non;hypothese;CVSS:3.1/AV:N/AC:H/PR:N/UI:R/S:U/C:L/I:N/A:N;Ancienne route d’administration signalée dans un sitemap;Aucune réponse exploitable dans les exports récents.
F08;scanner;portail.sahel-vert.example;internet;critique;partielle;0.58;non;hypothese;CVSS:3.1/AV:N/AC:L/PR:N/UI:R/S:U/C:H/I:L/A:N;Jeton de session soupçonné réutilisable;Signal issu d’un extrait unique, sans deuxième preuve côté journal.
F09;scanner;portail.sahel-vert.example;internet;critique;suffisante;0.82;oui;constat;CVSS:3.1/AV:N/AC:L/PR:N/UI:N/S:U/C:H/I:H/A:N;Export d’objet métier accessible hors du compte autorisé;Le portail renvoie un bon de commande d’un autre compte avec une preuve minimale.
F10;scanner;stock.sahel-vert.example;internet;elevee;suffisante;0.24;non;constat;CVSS:3.1/AV:N/AC:L/PR:N/UI:N/S:U/C:L/I:L/A:L;Console Jetty exposée sur un port inattendu;Le port 8080 de l’extranet stock répond alors qu’il n’est pas attendu dans le cadrage.
F11;scanner;vpn.sahel-vert.example;vpn;elevee;insuffisante;0.16;non;hypothese;CVSS:3.1/AV:N/AC:H/PR:N/UI:R/S:U/C:L/I:L/A:N;Bannière d’ancienne version de portail VPN;Aucune confirmation indépendante.
F12;scanner;mail.sahel-vert.example;internet;moyenne;partielle;0.22;non;hypothese;CVSS:3.1/AV:N/AC:H/PR:N/UI:N/S:U/C:L/I:N/A:L;Fallback TLS hérité sur IMAPS;Le risque existe mais l’exposition métier reste modérée.
F13;scanner;mail.sahel-vert.example;internet;elevee;partielle;0.27;non;constat;CVSS:3.1/AV:A/AC:H/PR:L/UI:R/S:U/C:L/I:N/A:N;Signal secondaire 13;Constat secondaire conservé dans le dossier pour le tri, sans priorité dominante.
F14;scanner;www.sahel-vert.example;internet;elevee;partielle;0.03;non;constat;CVSS:3.1/AV:N/AC:H/PR:N/UI:R/S:U/C:L/I:L/A:N;Signal secondaire 14;Constat secondaire conservé dans le dossier pour le tri, sans priorité dominante.
F15;scanner;mail.sahel-vert.example;interne;elevee;insuffisante;0.07;non;hypothese;CVSS:3.1/AV:A/AC:H/PR:L/UI:R/S:U/C:L/I:N/A:N;Signal secondaire 15;Constat secondaire conservé dans le dossier pour le tri, sans priorité dominante.
F16;scanner;www.sahel-vert.example;internet;moyenne;partielle;0.11;non;constat;CVSS:3.1/AV:N/AC:H/PR:N/UI:R/S:U/C:L/I:L/A:N;Signal secondaire 16;Constat secondaire conservé dans le dossier pour le tri, sans priorité dominante.
F17;scanner;mail.sahel-vert.example;internet;elevee;partielle;0.15;non;constat;CVSS:3.1/AV:A/AC:H/PR:L/UI:R/S:U/C:L/I:N/A:N;Signal secondaire 17;Constat secondaire conservé dans le dossier pour le tri, sans priorité dominante.
F18;scanner;www.sahel-vert.example;interne;elevee;partielle;0.19;non;constat;CVSS:3.1/AV:N/AC:H/PR:N/UI:R/S:U/C:L/I:L/A:N;Signal secondaire 18;Constat secondaire conservé dans le dossier pour le tri, sans priorité dominante.
F19;scanner;mail.sahel-vert.example;internet;elevee;partielle;0.23;non;constat;CVSS:3.1/AV:A/AC:H/PR:L/UI:R/S:U/C:L/I:N/A:N;Signal secondaire 19;Constat secondaire conservé dans le dossier pour le tri, sans priorité dominante.
F20;scanner;www.sahel-vert.example;internet;moyenne;insuffisante;0.27;non;hypothese;CVSS:3.1/AV:N/AC:H/PR:N/UI:R/S:U/C:L/I:L/A:N;Signal secondaire 20;Constat secondaire conservé dans le dossier pour le tri, sans priorité dominante.
F21;scanner;mail.sahel-vert.example;interne;elevee;partielle;0.03;non;constat;CVSS:3.1/AV:A/AC:H/PR:L/UI:R/S:U/C:L/I:N/A:N;Signal secondaire 21;Constat secondaire conservé dans le dossier pour le tri, sans priorité dominante.
F22;scanner;www.sahel-vert.example;internet;elevee;partielle;0.07;non;constat;CVSS:3.1/AV:N/AC:H/PR:N/UI:R/S:U/C:L/I:L/A:N;Signal secondaire 22;Constat secondaire conservé dans le dossier pour le tri, sans priorité dominante.
F23;scanner;mail.sahel-vert.example;internet;elevee;partielle;0.11;non;constat;CVSS:3.1/AV:A/AC:H/PR:L/UI:R/S:U/C:L/I:N/A:N;Signal secondaire 23;Constat secondaire conservé dans le dossier pour le tri, sans priorité dominante.
F24;scanner;www.sahel-vert.example;interne;moyenne;partielle;0.15;non;constat;CVSS:3.1/AV:N/AC:H/PR:N/UI:R/S:U/C:L/I:L/A:N;Signal secondaire 24;Constat secondaire conservé dans le dossier pour le tri, sans priorité dominante.
F25;scanner;mail.sahel-vert.example;internet;elevee;insuffisante;0.19;non;hypothese;CVSS:3.1/AV:A/AC:H/PR:L/UI:R/S:U/C:L/I:N/A:N;Signal secondaire 25;Constat secondaire conservé dans le dossier pour le tri, sans priorité dominante.
F26;scanner;www.sahel-vert.example;internet;elevee;partielle;0.23;non;constat;CVSS:3.1/AV:N/AC:H/PR:N/UI:R/S:U/C:L/I:L/A:N;Signal secondaire 26;Constat secondaire conservé dans le dossier pour le tri, sans priorité dominante.
F27;scanner;mail.sahel-vert.example;interne;elevee;partielle;0.27;non;constat;CVSS:3.1/AV:A/AC:H/PR:L/UI:R/S:U/C:L/I:N/A:N;Signal secondaire 27;Constat secondaire conservé dans le dossier pour le tri, sans priorité dominante.
F28;scanner;www.sahel-vert.example;internet;moyenne;partielle;0.03;non;constat;CVSS:3.1/AV:N/AC:H/PR:N/UI:R/S:U/C:L/I:L/A:N;Signal secondaire 28;Constat secondaire conservé dans le dossier pour le tri, sans priorité dominante.
F29;scanner;mail.sahel-vert.example;internet;elevee;partielle;0.07;non;constat;CVSS:3.1/AV:A/AC:H/PR:L/UI:R/S:U/C:L/I:N/A:N;Signal secondaire 29;Constat secondaire conservé dans le dossier pour le tri, sans priorité dominante.
