id,epss,kev,fenetre_jours
V01,0.512,no,30
V02,0.467,no,30
V03,0.421,no,30
V04,0.388,no,30
V05,0.355,no,30
V06,0.331,no,30
V07,0.979,yes,30
V08,0.861,yes,30
V09,0.702,no,30
V10,0.584,no,30
V11,0.941,yes,30
V12,0.298,no,30
V13,0.611,no,30
V14,0.577,no,30
V15,0.544,no,30
V16,0.487,no,30
V17,0.265,no,30
V18,0.641,no,30
V19,0.648,no,30
V20,0.903,yes,30
V21,0.459,no,30
V22,0.603,no,30
V23,0.792,yes,30
V24,0.521,no,30
V25,0.214,no,30
V26,0.495,no,30
V27,0.734,yes,30
V28,0.364,no,30
V29,0.281,no,30
V30,0.417,no,30
V31,0.884,yes,30
V32,0.349,no,30
V33,0.307,no,30
V34,0.192,no,30