paquet;version
express-lite;4.18.1
template-fast;2.9.4
resafetch;2.4.1
session-kit;1.7.0
multer-lite;1.3.0
jwt-helper;0.9.8
yaml-mini;3.1.0
cache-layer;5.0.2
audit-trail;2.0.0
image-thumb;4.2.0
ws-lite;3.2.2
helmet;8.1.0
module-01;2.3.7
module-02;3.6.4
module-03;4.0.1
module-04;1.3.8
module-05;2.6.5
module-06;3.0.2
module-07;4.3.9
module-08;1.6.6
module-09;2.0.3
module-10;3.3.0
module-11;4.6.7
module-12;1.0.4
module-13;2.3.1
module-14;3.6.8
module-15;4.0.5
module-16;1.3.2
module-17;2.6.9
module-18;3.0.6
module-19;4.3.3
module-20;1.6.0
module-21;2.0.7
module-22;3.3.4
module-23;4.6.1
module-24;1.0.8
module-25;2.3.5
module-26;3.6.2
module-27;4.0.9
module-28;1.3.6
module-29;2.6.3
module-30;3.0.0
module-31;4.3.7
module-32;1.6.4
module-33;2.0.1
module-34;3.3.8
module-35;4.6.5
module-36;1.0.2
module-37;2.3.9
module-38;3.6.6
module-39;4.0.3
module-40;1.3.0
module-41;2.6.7
module-42;3.0.4
module-43;4.3.1
module-44;1.6.8
module-45;2.0.5
module-46;3.3.2
module-47;4.6.9
module-48;1.0.6
