compte;profil;empreinte
jbouedraogo;staff;$argon2id$v=19$m=19456,t=2,p=1$rqarXDXxRvCdMlOhMlBJre$7JsbyZduDTq0sdd83uW6lkUJDI91TBQGe4W1BHRA8xE
msylla;staff;$argon2id$v=19$m=19456,t=2,p=1$Y7Ee2GAzDOZr7TkJS2XAFF$WqWqaYrHFMoU3jlBwDIIQeCb5oa7lloEjkoIyInibAw
adiop;staff;$2b$12$aL7wSxQAUSZCDwirtdQXA52I3qObgxD4mUX43FIkJHSK763cTnbja
ksow;staff;pbkdf2-sha256$650000$9c226e33d9701d731d3cac25$6ea9a5ba28dfb76d626ad81bfbe4da7c21497b5ff0b6eb3e2c99a3f3ee16da62
svc-resa;service;$2b$13$G2271smFetU38yerFioLrRIkv7cm4aATwaYpnTBA021WmEZML6jSX
svc-sauvegarde;service;$argon2id$v=19$m=19456,t=2,p=1$2MUYf4NEyKa7y1AZphHxW7$NsbmfFzSYhNsaC1DG1LHixnG7nwZfupt1o0bnp8QzLs
staff-frontdesk;staff;$2b$12$c9m9gNHeE3yN9KqxjeAJoWLsxgk1oK8AA9F87DAZosmokJgZ63vYY
staff-night;staff;pbkdf2-sha256$700000$54ca891faeefea88d2af6d0f$055a7894ee82049115ee87c947bea7df6abf4fcac892746923e0b6d6c340e6f5
admin-resa;staff;$argon2id$v=19$m=19456,t=2,p=1$BvGfoBw9BYh4GCvWLtFmiW$1xcgAiumCKz4uZ7XpZ2vzjGabIfIy5t7mXhwiSJUTB8
audit-local;staff;$2b$14$6uV8DqqQrHTfzRNVUCAkkvDcIfkbGSQVOBtC7E4rCkIT3JFi1P76Q
client-1001;client;$2b$12$CrEpDzQyePEIw6sjrcEEvl61ZA2snTu1j4rYMba06G6M5dlFWO8Ba
client-1002;client;$argon2id$v=19$m=19456,t=2,p=1$3BkNBNrZBoFXKisQqHeMGE$vhBRV2a82ZORBjUBV4DZG3SpWJKhpp8vEwZUBuKppVs
client-1003;client;pbkdf2-sha256$600000$3e3a0196267a88a848621edd$38a7c776101d091d7a9bb36ac947da1c9cdd9788195a8403fb34dbf2ee241247
client-1004;client;$2b$12$hkqlRMasDpaDiMdXBarg60J5FQr2P98psE136HNIds70WB19avLHd
client-1005;client;$argon2id$v=19$m=19456,t=2,p=1$l8DMg49vGUFtjXEYR4hhrh$ZFB8Bn9Kwn4nfw8tBsvuon7zZjo37Bfd3DhRe7AXUlo
client-1006;client;pbkdf2-sha256$600000$1a472edd8e91eda59ff445de$92c4e200afaa786c8820934271aa6d3285a4761e06d0af45f60ea4a722ddffb2
client-1007;client;$2b$12$yz5KbMKuGUZg7wi8EfVZrn0POTGdX4IRVEESxLAykEjd7F2iAENnY
client-1008;client;$argon2id$v=19$m=19456,t=2,p=1$VKtNAvUVZReJeguk78K5Yz$EwMk0tkthkt45RaHE1AACbMgPKnjzmus9Ux9SqkUUIk
client-1009;client;pbkdf2-sha256$600000$c1503860bb9dfdcb294da7f9$2fd2327f0d1a3cf976f83e6a19c99a13176f7957d6280beff1c153057f88c96b
client-1010;client;$2b$12$v78aFNnoaPkbfAbI3LFBS3rCF7CxSQYJunl6CeIjWnkL0gtur04jT
client-1011;client;$argon2id$v=19$m=19456,t=2,p=1$2gg6VPVB54DYAczvd70lnk$PChdJNihXWv8E2jsezLfA5ofuQHPzuC6Bt7JDzZgLlk
client-1012;client;pbkdf2-sha256$600000$528dde48ec85ad3f20d0dca1$e433cbc30d8d33ec4f5e03a4dc4ddb4237a9f50a0351edaebd87d344faba886b
client-1013;client;$2b$12$NJCBS0vvPzhuAhguuNCcdxpBS52KBK5LuUo0TcP4iz17qhqAjef4N
client-1014;client;$argon2id$v=19$m=19456,t=2,p=1$i3Pt8aR6i1Gbb4Sn77BoOW$Chrf59tvYCqWIyxAyGm7xNAShj09x4nRyK1gaeARGAk
client-1015;client;pbkdf2-sha256$600000$f25a6727abfac343a2c8b603$925e43158646a9c9ff35d839a411baf82a1915828ef794f9a4fd47c84b55f605
client-1016;client;$2b$12$Xx69l2FS1cCAP6ypPE9AxTyRfOCrSIQQOr7pi4BuhgM7wJrmL03Mz
client-1017;client;$argon2id$v=19$m=19456,t=2,p=1$0NLTMrk1tTvDmkIBlniK1h$FJMAlJX1HRAPIY0ulJXTKLFQ0ukAgLZR96XHoDBbBok
client-1018;client;pbkdf2-sha256$600000$a65b408fb5c39b1e22650d08$4b7bf2a97e8ad2a12de9059e96c005a38bd1d3cebbe3178368dc94c278ebf71e
client-1019;client;$2b$12$eBganLwXquY9ECfMjsA1LR53jRrhfOxjThkBVb5Kj06ngAAN07aJ1
client-1020;client;$argon2id$v=19$m=19456,t=2,p=1$KIkwoDEBqd1o85WV01wBgi$mvFEupC5JCVNZbDl1U7aKPTGrv6zT0KH8Mlcjl5GITo
legacy-mobile;client;md5$7eac5b1b8c04ff419c0855df4b5134fa
client-1028;client;sha1$882711ea9aff729419ab6886816f95b9664b27db
client-1041;client;sha1$55adae9a0690e7d98bde95cae275e5d7ff9af5b1
client-1053;client;sha256$12d6341159742f311da554a4a12e9e69b1afe89d2d77b30bd58b91ed8fef5581
client-1064;client;sha256$1581ad9df5f86a6d1b242b36fdc5a6e54207eaf8fd4e409d1397427959b0685a
client-1076;client;sha256$ebc79d5b055e16db90221a96e70beb95667703adb0c5a0818e1910366d79ecc2
client-1089;client;sha256$f1688d3ef08ea63d3cdd9a636930a084d3219d5a4986bba8112ce1278416f86e
client-1108;client;pbkdf2-sha256$120000$1fda2b8f864e97630dfd55f6$c7a46a89cb69330ceaa0d764ea41105dd347a034fd103dfcfaa3e970defac06c
client-1127;client;pbkdf2-sha256$200000$11ce673330d24a21179fcd50$842fce39767f20c0b8be7e2ccb09af4b75c6dca86239bc2ad095ac27f3be0623
legacy-sync;service;$2b$10$J2eEHmEKf0NKxHqX2nTgHgr5pzM58c2uzEhwFdR9NOSWQ1vfFGvbO
old-exporter;service;$2b$11$qXcP72dYeGmsCynMyyxIh6kBINZXZqBeWPpFj8hqyLV6RMgqBI4hh
